--insert example data into users table
INSERT INTO users (id, username, total_balance) VALUES
(1, 'TrustFundBaby', 784.00),
(2, 'ScroogeMcHuman', 613.61),
(3, 'FrugalNotCheap', 481.21),
(4, 'RonaldStump', 691.87),
(5, 'MashFetchum', 493.76),
(6, 'CardFlex', 0.00);

--insert example data into cards table
INSERT INTO cards (id, user_id, account_number, credit_limit, balance, apr, start_date, refresh_date, card_name) VALUES
(1, 1, 123456, 5000.00, 784.00, 10.7, '10-02-2025', 6, 'GOLD'),
(2, 2, 98789, 15000.00, 613.61, 15.1, '14-07-2025', 10, 'PLATINUM'),
(3, 3, 300355, 25000.00, 481.21, 18.0, '25-06-2025', 21, 'BLACK'),
(4, 4, 503935, 15000.00, 691.87, 15.1, '02-04-2025', 27, 'PLATINUM'),
(5, 5, 484820, 5000.00, 493.76, 10.7, '14-04-2024', 4, 'GOLD'),
(6, 6, 999999, 25000.00, 0.00, 18.0, '05-11-2023', 23, 'BLACK'),
(7, 1, 900001, 0.00, 0.00, 0.0, '01-01-2024', 30, 'VIRTUAL_DEBIT'),
(8, 2, 900002, 0.00, 0.00, 0.0, '01-01-2024', 30, 'VIRTUAL_DEBIT'),
(9, 3, 900003, 0.00, 0.00, 0.0, '01-01-2024', 30, 'VIRTUAL_DEBIT'),
(10, 4, 900004, 0.00, 0.00, 0.0, '01-01-2024', 30, 'VIRTUAL_DEBIT'),
(11, 5, 900005, 0.00, 0.00, 0.0, '01-01-2024', 30, 'VIRTUAL_DEBIT');


--insert example data into transactions table
INSERT INTO transactions (id, senders_account_number, senders_username, senders_card_id, recipient_username,
recipient_account_number, amount, description, transaction_date) VALUES
(1, 484820, 'MashFetchum', 5, 'Tesbro Groceries', 111112, 165.89, 'Tesbro Groceries purchase', '26-04-2024'),
(2, 484820, 'MashFetchum', 5, 'ScroogeMcHuman', 98789, 66.29, 'Splitting rent', '29-04-2024'),
(3, 484820, 'MashFetchum', 5, 'TrustFundBaby', 123456, 57.51, 'Gift payment', '03-05-2024'),
(4, 484820, 'MashFetchum', 5, 'NetflixMax', 111123, 51.91, 'NetflixMax purchase', '09-05-2024'),
(5, 484820, 'MashFetchum', 5, 'PureGym', 111117, 54.87, 'PureGym purchase', '12-05-2024'),
(6, 900005, 'MashDebit', 11, 'MashFetchum', 484820, 146.63, 'Repayment from debit card', '13-05-2024'),
(7, 484820, 'MashFetchum', 5, 'CardFlex', 999999, 2.23, 'Interest charge cycle ending 13-05-2024', '14-05-2024'),
(8, 484820, 'MashFetchum', 5, 'RonaldStump', 503935, 71.43, 'Gift payment', '22-05-2024'),
(9, 484820, 'MashFetchum', 5, 'JustFood', 111121, 27.11, 'JustFood purchase', '04-06-2024'),
(10, 484820, 'MashFetchum', 5, 'Amazonica', 111114, 28.47, 'Amazonica purchase', '07-06-2024'),
(11, 484820, 'MashFetchum', 5, 'Sainsmart Groceries', 111111, 104.80, 'Sainsmart Groceries purchase', '11-06-2024'),
(12, 484820, 'MashFetchum', 5, 'RonaldStump', 503935, 57.24, 'Gift payment', '12-06-2024'),
(13, 900005, 'MashDebit', 11, 'MashFetchum', 484820, 121.18, 'Repayment from debit card', '12-06-2024'),
(14, 484820, 'MashFetchum', 5, 'CardFlex', 999999, 3.74, 'Interest charge cycle ending 12-06-2024', '13-06-2024'),
(15, 484820, 'MashFetchum', 5, 'FrugalNotCheap', 300355, 53.76, 'Gift payment', '04-07-2024'),
(16, 484820, 'MashFetchum', 5, 'NetflixMax', 111123, 188.63, 'NetflixMax purchase', '07-07-2024'),
(17, 900005, 'MashDebit', 11, 'MashFetchum', 484820, 233.02, 'Repayment from debit card', '12-07-2024'),
(18, 484820, 'MashFetchum', 5, 'CardFlex', 999999, 3.86, 'Interest charge cycle ending 12-07-2024', '13-07-2024'),
(19, 484820, 'MashFetchum', 5, 'CinemaWorld', 111116, 114.53, 'CinemaWorld purchase', '14-07-2024'),
(20, 484820, 'MashFetchum', 5, 'PCWorld', 111115, 16.92, 'PCWorld purchase', '17-07-2024'),
(21, 484820, 'MashFetchum', 5, 'Tesbro Groceries', 111112, 26.09, 'Tesbro Groceries purchase', '20-07-2024'),
(22, 484820, 'MashFetchum', 5, 'FrugalNotCheap', 300355, 57.40, 'Dinner refund', '23-07-2024'),
(23, 900005, 'MashDebit', 11, 'MashFetchum', 484820, 199.97, 'Repayment from debit card', '23-07-2024'),
(24, 484820, 'MashFetchum', 5, 'CardFlex', 999999, 4.25, 'Interest charge cycle ending 11-08-2024', '12-08-2024'),
(25, 484820, 'MashFetchum', 5, 'Tesbro Groceries', 111112, 112.05, 'Tesbro Groceries purchase', '14-08-2024'),
(26, 484820, 'MashFetchum', 5, 'ASOS', 111119, 44.10, 'ASOS purchase', '20-08-2024'),
(27, 900005, 'MashDebit', 11, 'MashFetchum', 484820, 201.80, 'Repayment from debit card', '21-08-2024'),
(28, 484820, 'MashFetchum', 5, 'Tesbro Groceries', 111112, 28.28, 'Tesbro Groceries purchase', '25-08-2024'),
(29, 484820, 'MashFetchum', 5, 'Sainsmart Groceries', 111111, 23.17, 'Sainsmart Groceries purchase', '28-08-2024'),
(30, 484820, 'MashFetchum', 5, 'Amazonica', 111114, 24.43, 'Amazonica purchase', '02-09-2024'),
(31, 484820, 'MashFetchum', 5, 'RonaldStump', 503935, 62.28, 'Shared groceries', '04-09-2024'),
(32, 900005, 'MashDebit', 11, 'MashFetchum', 484820, 350.75, 'Repayment from debit card', '10-09-2024'),
(33, 484820, 'MashFetchum', 5, 'Tesbro Groceries', 111112, 22.15, 'Tesbro Groceries purchase', '11-09-2024'),
(34, 484820, 'MashFetchum', 5, 'Sainsmart Groceries', 111111, 23.31, 'Sainsmart Groceries purchase', '15-09-2024'),
(35, 484820, 'MashFetchum', 5, 'Amazonica', 111114, 18.46, 'Amazonica purchase', '20-09-2024'),
(36, 484820, 'MashFetchum', 5, 'Tesbro Groceries', 111112, 18.42, 'Tesbro Groceries purchase', '24-09-2024'),
(37, 484820, 'MashFetchum', 5, 'Tesbro Groceries', 111112, 37.38, 'Tesbro Groceries purchase', '29-09-2024'),
(38, 484820, 'MashFetchum', 5, 'Tesbro Groceries', 111112, 29.70, 'Tesbro Groceries purchase', '03-10-2024'),
(39, 484820, 'MashFetchum', 5, 'JustFood', 111121, 32.56, 'JustFood purchase', '05-10-2024'),
(40, 900005, 'MashDebit', 11, 'MashFetchum', 484820, 366.01, 'Repayment from debit card', '06-10-2024'),
(41, 123456, 'TrustFundBaby', 1, 'Tesbro Groceries', 111112, 81.80, 'Tesbro Groceries purchase', '12-02-2025'),
(42, 123456, 'TrustFundBaby', 1, 'CardFlex', 999999, 0.73, 'Interest charge cycle ending 11-03-2025', '12-03-2025'),
(43, 123456, 'TrustFundBaby', 1, 'UberCab', 111120, 122.52, 'UberCab purchase', '13-03-2025'),
(44, 123456, 'TrustFundBaby', 1, 'PCWorld', 111115, 127.10, 'PCWorld purchase', '20-03-2025'),
(45, 123456, 'TrustFundBaby', 1, 'IKEA', 111113, 133.12, 'IKEA purchase', '25-03-2025'),
(46, 123456, 'TrustFundBaby', 1, 'Tesbro Groceries', 111112, 88.64, 'Tesbro Groceries purchase', '28-03-2025'),
(47, 503935, 'RonaldStump', 4, 'Spotify Premium', 111122, 19.56, 'Spotify Premium purchase', '05-04-2025'),
(48, 123456, 'TrustFundBaby', 1, 'CardFlex', 999999, 4.93, 'Interest charge cycle ending 10-04-2025', '11-04-2025'),
(49, 503935, 'RonaldStump', 4, 'Tesbro Groceries', 111112, 93.34, 'Tesbro Groceries purchase', '11-04-2025'),
(50, 503935, 'RonaldStump', 4, 'TrustFundBaby', 123456, 77.17, 'Splitting rent', '13-04-2025'),
(51, 503935, 'RonaldStump', 4, 'FrugalNotCheap', 300355, 13.02, 'Gift payment', '26-04-2025'),
(52, 503935, 'RonaldStump', 4, 'Tesbro Groceries', 111112, 21.31, 'Tesbro Groceries purchase', '29-04-2025'),
(53, 503935, 'RonaldStump', 4, 'CardFlex', 999999, 1.38, 'Interest charge cycle ending 01-05-2025', '02-05-2025'),
(54, 503935, 'RonaldStump', 4, 'FrugalNotCheap', 300355, 26.21, 'Gift payment', '14-05-2025'),
(55, 503935, 'RonaldStump', 4, 'JustFood', 111121, 36.20, 'JustFood purchase', '18-05-2025'),
(56, 503935, 'RonaldStump', 4, 'ASOS', 111119, 97.90, 'ASOS purchase', '23-05-2025'),
(57, 503935, 'RonaldStump', 4, 'Tesbro Groceries', 111112, 91.07, 'Tesbro Groceries purchase', '27-05-2025'),
(58, 503935, 'RonaldStump', 4, 'PCWorld', 111115, 80.96, 'PCWorld purchase', '01-06-2025'),
(59, 503935, 'RonaldStump', 4, 'JustFood', 111121, 52.76, 'JustFood purchase', '04-06-2025'),
(60, 503935, 'RonaldStump', 4, 'CardFlex', 999999, 7.39, 'Interest charge cycle ending 30-05-2025', '31-05-2025'),
(61, 300355, 'FrugalNotCheap', 3, 'NetflixMax', 111123, 42.96, 'NetflixMax purchase', '25-06-2025'),
(62, 300355, 'FrugalNotCheap', 3, 'MashFetchum', 484820, 17.78, 'Paying for photo shoot', '30-06-2025'),
(63, 300355, 'FrugalNotCheap', 3, 'JustFood', 111121, 66.57, 'JustFood purchase', '08-07-2025'),
(64, 98789, 'ScroogeMcHuman', 2, 'Spotify Premium', 111122, 86.33, 'Spotify Premium purchase', '14-07-2025'),
(65, 98789, 'ScroogeMcHuman', 2, 'IKEA', 111113, 15.78, 'IKEA purchase', '15-07-2025'),
(66, 98789, 'ScroogeMcHuman', 2, 'TrustFundBaby', 123456, 33.60, 'Paying for haircut', '23-07-2025'),
(67, 300355, 'FrugalNotCheap', 3, 'CardFlex', 999999, 1.47, 'Interest charge cycle ending 24-07-2025', '25-07-2025'),
(68, 98789, 'ScroogeMcHuman', 2, 'TrustFundBaby', 123456, 48.61, 'Paying for haircut', '28-07-2025'),
(69, 300355, 'FrugalNotCheap', 3, 'Tesbro Groceries', 111112, 19.52, 'Tesbro Groceries purchase', '31-07-2025'),
(70, 98789, 'ScroogeMcHuman', 2, 'Sainsmart Groceries', 111111, 198.15, 'Sainsmart Groceries purchase', '08-08-2025'),
(71, 300355, 'FrugalNotCheap', 3, 'Tesbro Groceries', 111112, 78.79, 'Tesbro Groceries purchase', '17-08-2025'),
(72, 98789, 'ScroogeMcHuman', 2, 'Tesbro Groceries', 111112, 138.54, 'Tesbro Groceries purchase', '18-08-2025'),
(73, 98789, 'ScroogeMcHuman', 2, 'Amazonica', 111114, 92.70, 'Amazonica purchase', '22-08-2025'),
(74, 300355, 'FrugalNotCheap', 3, 'UberCab', 111120, 132.04, 'UberCab purchase', '23-08-2025'),
(75, 300355, 'FrugalNotCheap', 3, 'Tesbro Groceries', 111112, 139.97, 'Tesbro Groceries purchase', '23-08-2025'),
(76, 300355, 'FrugalNotCheap', 3, 'CardFlex', 999999, 3.36, 'Interest charge cycle ending 23-08-2025', '24-08-2025'),
(77, 300355, 'FrugalNotCheap', 3, 'RonaldStump', 503935, 46.34, 'Paying for photo shoot', '24-08-2025'),
(78, 300355, 'FrugalNotCheap', 3, 'UberCab', 111120, 178.07, 'UberCab purchase', '25-08-2025'),
(79, 98789, 'ScroogeMcHuman', 2, 'UberCab', 111120, 43.39, 'UberCab purchase', '04-09-2025'),
(80, 98789, 'ScroogeMcHuman', 2, 'CardFlex', 999999, 4.34, 'Interest charge cycle ending 11-09-2025', '12-09-2025');



--insert example data into users_cards
INSERT INTO users_cards (user_id, card_id) VALUES
(1, 1),
(2, 2),
(3, 3),
(4, 4),
(5, 5),
(6, 6),
(1, 7),
(2, 8),
(3, 9),
(4, 10),
(5, 11);

--insert example data into cards transactions table
INSERT INTO cards_transactions (card_id, transactions_id) VALUES
(5, 1),
(5, 2),
(5, 3),
(5, 4),
(5, 5),
(5, 7),
(5, 8),
(5, 9),
(5, 10),
(5, 11),
(5, 12),
(5, 14),
(5, 15),
(5, 16),
(5, 18),
(5, 19),
(5, 20),
(5, 21),
(5, 22),
(5, 24),
(5, 25),
(5, 26),
(5, 28),
(5, 29),
(5, 30),
(5, 31),
(5, 33),
(5, 34),
(5, 35),
(5, 36),
(5, 37),
(5, 38),
(5, 39),
(5, 41),
(1, 41),
(1, 42),
(1, 43),
(1, 44),
(1, 45),
(1, 46),
(1, 48),
(4, 47),
(4, 49),
(4, 50),
(4, 51),
(4, 52),
(4, 53),
(4, 54),
(4, 55),
(4, 56),
(4, 57),
(4, 58),
(4, 59),
(4, 60),
(3, 61),
(3, 62),
(3, 63),
(2, 64),
(2, 65),
(2, 66),
(3, 67),
(2, 68),
(3, 69),
(2, 70),
(3, 71),
(2, 72),
(2, 73),
(2, 74),
(3, 75),
(3, 76),
(3, 77),
(3, 78),
(2, 79),
(2, 80);
